{"mean_4": 0.5023392283005206, "mean_46": 0.27228149712389277, "std_4": 0.15723009159993484, "std_46": 0.8568813583273258}