{
    "mean_4": 0.5023392283005206,
    "mean_18": 7.20385675502916,
    "mean_46": 0.27228149712389277,
    "mean_144": 2983.221796174953,
    "mean_145": 1222.016683310467,
    "std_4": 0.15723009159993484,
    "std_18": 400.5952205441373,
    "std_46": 0.8568813583273258,
    "std_144": 390438.06520383485,
    "std_145": 195362.90483223347
}